item,itemLabel,position,positionLabel,start,end,cabinet,cabinetLabel,ordinal,replaces,replacesLabel,replacedBy,replacedByLabel,nature,natureLabel,source,sourceName,statedName,psid
Q16404378,Aavo Mölder,Q16405106,Minister of Agriculture,1992-02-19,1992-10-22,,,,,,,,,,,,,Q16404378-901B3EB5-D531-4687-AAE1-EE12144DBABB
Q14772678,Ado Anderkopp,Q3741249,Minister of Defence,1923-08-02,1924-02-19,,,,,,,,,,,,,Q14772678-D888130F-10E8-4482-9080-E69E772BFB3A
Q14772678,Ado Anderkopp,Q6866431,Minister of the Interior,1930-04-12,1931-02-12,,,15,Q16405663,Tõnis Kalbus,Q12364817,Jaan Hünerson,,,,,,Q14772678-13351440-6692-44B6-AB3D-662152324F73
Q14772678,Ado Anderkopp,Q6866431,Minister of the Interior,1932-02-19,1933-05-18,,,19,Q12364817,Jaan Hünerson,Q12378814,Vladimir Roopere,,,,,,Q14772678-87565f05-44c6-2325-a15e-6286a3f668ed
Q300781,Ado Birk,Q1760777,Minister of Foreign Affairs,,,,,,,,,,,,,,,Q300781-66C2B287-587D-445A-8BF1-B4581536F514
Q300781,Ado Birk,Q737115,Prime Minister of Estonia,1920-07-28,1920-07-30,,,,,,,,,,,,,Q300781-4972D3C1-885C-4155-974B-F96BA0E5FE6D
Q106199628,Ain Saarmann,Q21121665,Minister of Economic Affairs and Communications,1992-01-01,1993-01-01,,,,,,,,,,,,,Q106199628-35ae9aae-4592-d835-815c-07e3f0eb4652
Q9142838,Ain Seppik,Q6866431,Minister of the Interior,2002-01-28,2003-02-03,,,,Q12376368,Tarmo Loodus,,,,,,,,Q9142838-2D05626A-C7C3-47A3-90F0-0B3BD1F82D8E
Q12358481,Aivar Sõerd,Q21103025,Minister of Finance,2005-04-13,2007-04-05,,,,,,Q1398025,Ivari Padar,,,,,,Q12358481-532AD0BF-62D3-4AEA-B886-1DFB4E0E2ACF
Q16403066,Aksel Mark,Q6866431,Minister of the Interior,1962-01-01,1992-01-01,,,,,,,,,,,,,Q16403066-A262EE85-8AF3-4EFC-8DA7-8F581AA57F26
Q16405586,Alar Laneman,Q6866431,Minister of the Interior,2020-11-18,2021-01-24,,,,Q1453245,Mart Helme,Q98122403,Kristian Jaani,,,https://www.riigikogu.ee/en/sitting-reviews/the-bill-on-next-years-state-budget-passed-the-second-reading-in-the-riigikogu/,,,Q16405586-1aad11cc-476e-2453-0314-9589a1ca57d2
Q16406128,Aldo Tamm,Q16405106,Minister of Agriculture,1994-11-08,1995-04-17,,,,,,,,,,,,,Q16406128-3D331BA1-F1B9-412D-B368-3828020E542C
Q329463,Aleksander Hellat,Q1760777,Minister of Foreign Affairs,,,,,,,,,,,,,,,Q329463-C9EBDCD3-F518-4BF2-BD09-697644568F84
Q329463,Aleksander Hellat,Q6866431,Minister of the Interior,1919-07-25,1920-07-28,,,,,,,,,,,,,Q329463-62F1DD06-AA54-4949-BDA8-B734A474A58B
Q2011942,Aleksander Jaakson,Q6866110,Minister of Education and Research,,,,,,,,,,,,,,,Q2011942-95155B46-C6E3-47D0-A161-2DFB3D5507AE
Q12358705,Aleksander Oinas,Q6866431,Minister of the Interior,1919-05-08,1919-07-18,,,,,,,,,,,,,Q12358705-72E81E22-F083-4B87-99DE-E3E67235B279
Q1978440,Aleksander Tõnisson,Q3741249,Minister of Defence,1920-07-28,1920-10-26,,,,,,,,,,,,,Q1978440-F9ACE56A-AA8B-4EA3-A903-9B5ECBCDD71A
Q1978440,Aleksander Tõnisson,Q3741249,Minister of Defence,1932-11-01,1933-05-18,,,,,,,,,,,,,Q1978440-52eb4ae9-4d1f-609c-5386-3ace791b858c
Q12358763,Aleksander Veiderma,Q6866110,Minister of Education and Research,1922-11-22,1924-02-20,,,,,,,,,,,,,Q12358763-26120874-9F23-439E-8553-75862F82F142
Q888932,Aleksander Warma,Q1760777,Minister of Foreign Affairs,1953-01-01,1963-01-01,,,,,,,,,,,,,Q888932-139D1A1D-FF7E-4EE7-950B-6E30394390B1
Q888932,Aleksander Warma,Q12372129,Prime Minister in duties of the President,1963-03-29,1970-12-23,,,,Q725322,August Rei,Q886992,Tõnis Kint,,,,,,Q888932-7B74638B-79E7-423F-85E9-113DAE5C5FE2
Q16404352,Alfred Mõttus,Q6866110,Minister of Education and Research,1927-12-10,1928-12-05,,,,,,,,,,,,,Q16404352-6704A489-3900-4A14-B511-1AB31B223FF0
Q28465143,Andi Meister,Q105474805,Minister of Transport and Communications,1992-01-01,1995-01-01,,,,,,,,,,,,,Q28465143-5b7edacd-40e9-9c8d-aa89-b1b4f4dc549f
Q15888056,Andra Veidemann,Q24067751,minister without portfolio,1996-12-09,1999-03-25,,,,,,,,,,,,,Q15888056-dcdebdaa-4be4-b363-4158-ec175d8581d3
Q13234758,Andres Anvelt,Q20528230,Minister of Justice,2014-03-26,2015-04-09,,,,Q1399218,Hanno Pevkur,Q645970,Urmas Reinsalu,,,,,,Q13234758-8B5B11E3-9DAC-429F-A990-362C5E1E1045
Q13234758,Andres Anvelt,Q6866431,Minister of the Interior,2016-11-23,2018-11-26,,,,Q1399218,Hanno Pevkur,Q16405510,Katri Raik,,,,,,Q13234758-14def3bb-4ee1-249b-6f70-89c659d1ba18
Q375400,Andres Lipstok,Q21121665,Minister of Economic Affairs and Communications,1995-11-06,1996-11-30,,,,,,,,,,,,,Q375400-5FABCBCD-22E9-47B6-ACDA-13C547CE1CB0
Q375400,Andres Lipstok,Q21103025,Minister of Finance,1994-06-27,1995-05-17,,,,Q1594612,Heiki Kranich,Q1902900,Mart Opmann,,,,,,Q375400-9DC62AAD-F382-4B8B-82EA-C46BA8002BC2
Q62975823,Andres Sutt,Q20933474,Minister of Entrepreneurship and Information Technology,2021-01-26,,Q105071498,Kaja Kallas' cabinet,,,,,,,,https://www.valitsus.ee/peaminister-ministrid/valitsuse-koosseis,Andres Sutt,Ettevõtlus- ja infotehnoloogiaminister,Q62975823-4f154feb-47eb-6bd5-391e-e798d7ab5029
Q463099,Andres Tarand,Q12361541,Minister of the Environment,1992-10-21,1994-11-08,,,,Q16405444,Tõnis Kaasik,Q16405288,Vootele Hansen,,,,,,Q463099-6c6bfc34-4b42-71dc-4619-141158976067
Q463099,Andres Tarand,Q737115,Prime Minister of Estonia,1994-11-08,1995-04-17,,,,Q307473,Mart Laar,Q725427,Tiit Vähi,,,,,,Q463099-9a378f5b-4a58-3172-9886-3b2e2bbab634
Q12359190,Andres Varik,Q16405106,Minister of Agriculture,1997-03-17,1999-03-25,,,,,,,,,,,,,Q12359190-670BD9B7-772C-47C0-8B82-B4DAD45E0D91
Q57640,Andrus Ansip,Q21121665,Minister of Economic Affairs and Communications,2004-09-13,2005-04-13,,,,Q1916766,Meelis Atonen,Q355241,Edgar Savisaar,,,,,,Q57640-9110df3f-44ef-88d7-ac1c-c1adb5af207a
Q57640,Andrus Ansip,Q737115,Prime Minister of Estonia,2005-04-12,2014-03-26,,,,Q312894,Juhan Parts,Q3785077,Taavi Rõivas,,,,,,Q57640-152559af-4690-09f6-a898-040d79f839ad
Q514511,Andrus Öövel,Q3741249,Minister of Defence,1995-04-01,1999-03-25,,,,,,,,,,,,,Q514511-02252BAC-A088-474C-B57C-67A665512E00
Q15983657,Anne Sulling,Q24058803,Minister of Foreign Trade and Entrepreneurship,2014-03-26,2015-04-09,,,,,,Q465437,Urve Palo,,,,,,Q15983657-9130965e-49d8-c39c-5a15-6f63b83dfe03
Q22041600,Anneli Ott,Q16402952,Minister of Culture,2021-01-26,2021-11-03,Q105071498,Kaja Kallas' cabinet,,Q1149033,Tõnis Lukas,Q12376941,Tiit Terik,,,https://www.valitsus.ee/peaminister-ministrid/valitsuse-koosseis,Anneli Ott,Kultuuriminister,Q22041600-3dea084a-4429-3409-a5e9-067bb80b57f7
Q22041600,Anneli Ott,Q16402952,Minister of Culture,2021-01-26,2021-11-03,Q105071498,Kaja Kallas' cabinet,,Q1149033,Tõnis Lukas,Q12376941,Tiit Terik,,,https://m.riigikogu.ee/pressiteated/muu-pressiteade-et/anneli-ott-naases-riigikokku/,,,Q22041600-3dea084a-4429-3409-a5e9-067bb80b57f7
Q22041600,Anneli Ott,Q20528404,Minister of Public Administration,2020-11-25,2021-01-26,Q63343147,Jüri Ratas' second cabinet,,Q1375585,Jaak Aab,Q1375585,Jaak Aab,,,,,,Q22041600-65f0c40f-4548-da58-3384-eeed76e2f056
Q16406658,Anton Teetsov,Q21103025,Minister of Finance,,,,,,,,,,,,,,,Q16406658-F020C5B5-F65F-44FF-B2C9-15D63BF76FFE
Q76445785,Ants Leemets,Q23268238,Minister of Regional Affairs,1995-04-17,1995-11-06,Q505977,Tiit Vähi's second cabinet,,,,,,,,,,,Q76445785-942b1cb4-4856-9220-9cbe-a7e89a3335ca
Q887682,Ants Piip,Q3741249,Minister of Defence,1920-10-26,1921-01-25,,,,,,,,,,,,,Q887682-45245825-0B25-44D5-9BCB-F32FFAF1B1E7
Q887682,Ants Piip,Q1760777,Minister of Foreign Affairs,1919-10-09,1919-11-18,,,2,Q1385836,Jaan Poska,Q300781,Ado Birk,,,,,,Q887682-DCDCF6F5-18B0-4852-B06A-846002CDB026
Q887682,Ants Piip,Q737115,Prime Minister of Estonia,1920-10-26,1920-12-20,,,5,Q710956,Jaan Tõnisson,Q493018,State Elder,,,,,,Q887682-DAB1E384-A065-404A-A2B5-4077C356A49C
Q382608,Arnold Susi,Q6866110,Minister of Education and Research,,,,,,,,,,,,,,,Q382608-C3E8544B-F81A-47B7-BCA3-AEB92A2ED711
Q616356,Arto Aas,Q20528404,Minister of Public Administration,2015-04-09,2016-11-23,,,,,,Q16404020,Mihhail Korb,,,,,,Q616356-ca92836b-499f-d388-f2bc-15eec388368e
Q12359706,Artur Tupits,Q16402880,Minister of Agricultural Work,,,,,,,,,,,,,,,Q12359706-C17F0557-420A-468F-9D00-DBA2EEEA1744
Q78076303,Arvo Aller,Q24060239,Minister of Rural Affairs,2019-12-10,2021-01-26,Q63343147,Jüri Ratas' second cabinet,,Q62930911,Mart Järvik,Q3741429,Urmas Kruuse,,,,,,Q78076303-e08950df-4247-00e6-ea6f-405c53cc8f48
Q717470,Arvo Niitenberg,Q106996824,Minister of Energy,1992-01-30,1995-04-17,,,,,,,,,,,,,Q717470-6d299c2f-4da8-23d5-0a7e-5d47101b5411
Q12359937,August Jürima,Q16402880,Minister of Agricultural Work,,,,,,,,,,,,,,,Q12359937-1113B1B4-B3DE-4FC7-8A12-51035E32CDFA
Q12359937,August Jürima,Q6866431,Minister of the Interior,1939-01-01,1940-01-01,,,,,,,,,,,,,Q12359937-DAC4C407-B0DA-45B2-A631-5FDB838894C5
Q390919,August Kerem,Q16402880,Minister of Agricultural Work,,,,,,,,,,,,,,,Q390919-1766E384-759D-4FAF-A1D5-610A338E99BB
Q390919,August Kerem,Q3741249,Minister of Defence,1931-02-12,1932-11-19,,,,,,,,,,,,,Q390919-0B003BB0-12E8-4601-97C4-DA0AEB4AA1F5
Q762413,August Koern,Q1760777,Minister of Foreign Affairs,1964-01-01,1982-01-01,,,,,,,,,,,,,Q762413-8CEAF9AC-B39D-4CAE-B3E1-ACBB3AA50B0B
Q16407072,August Peet,Q6866431,Minister of the Interior,1918-11-27,1919-05-08,,,2,Q299114,Konstantin Päts,Q12358705,Aleksander Oinas,,,,,,Q16407072-DD23FA45-4933-4F10-883B-891856708150
Q725322,August Rei,Q1760777,Minister of Foreign Affairs,1932-01-01,1940-01-01,,,,,,,,,,,,,Q725322-388DAB7A-5668-46EC-9848-D447948FE14B
Q725322,August Rei,Q12372129,Prime Minister in duties of the President,1945-01-09,1963-03-29,,,,Q887277,Jüri Uluots,Q888932,Aleksander Warma,,,,,,Q725322-3692911B-263F-4345-A196-19B9101B5699
Q12360291,Bernhard Roostfeld,Q16402880,Minister of Agricultural Work,,,,,,,,,,,,,,,Q12360291-EEB2D6F2-513C-46C9-AA5F-E95854D4C2FE
Q3539685,Christian Kaarna,Q16402881,Minister of Social Affairs,,,,,,,,,,,,,,,Q3539685-65C828BA-AEB1-4EFA-881B-979F2DF16C1D
Q355241,Edgar Savisaar,Q21121665,Minister of Economic Affairs and Communications,2005-04-13,2007-04-05,,,,Q57640,Andrus Ansip,Q312894,Juhan Parts,,,,,,Q355241-08ce325c-4cdf-44b2-6925-5ecca095d81a
Q355241,Edgar Savisaar,Q6866431,Minister of the Interior,1995-04-12,1995-10-10,,,,Q16405936,Kaido Kama,Q659781,Märt Rask,,,,,,Q355241-4ef64207-45eb-e884-1ac7-2b7a11caecc2
Q355241,Edgar Savisaar,Q737115,Prime Minister of Estonia,1991-08-20,1992-01-29,,,,Q1375532,Otto Tief,Q725427,Tiit Vähi,,,,,,Q355241-9A0359E1-35F7-4A19-9B2C-250279839BEF
Q450523,Eiki Nestor,Q16402881,Minister of Social Affairs,1999-03-25,2002-01-28,,,,,,,,,,,,,Q450523-6CAAE69F-3CDB-4AB7-BC09-B58CB11062D3
Q2063457,Eldar Efendijev,Q24061775,Minister of Population and Ethnic Affairs,2002-01-28,2003-04-10,,,,,,,,,,,,,Q2063457-b65fce96-4aea-bf21-cc37-f77801e79f2f
Q1332782,Elmar Lipping,Q1760777,Minister of Foreign Affairs,,,,,,,,,,,,,,,Q1332782-29A72821-5B5E-4C88-9566-2EF828BA0388
Q1340315,Endel Lippmaa,Q24254211,Minister of European Integration,1995-11-17,1996-08-06,,,,,,,,,,,,,Q1340315-4f848520-48b0-601a-4d7f-10f691dd32d2
Q1340315,Endel Lippmaa,Q24067751,minister without portfolio,1990-01-01,1992-01-01,,,,,,,,,,,,,Q1340315-09df9c9c-4d4a-7dd5-7e90-629adbde974b
Q16407419,Enn Tupp,Q3741249,Minister of Defence,1994-06-01,1995-04-01,,,,,,,,,,,,,Q16407419-6EC63FDA-45EF-4A25-A505-DC02FC616B25
Q12362302,Ernst Ein,Q6866431,Minister of the Interior,1933-10-03,1933-10-21,,,,,,,,,,,,,Q12362302-38EE7AAC-8339-4013-8D0C-1F4CE555372B
Q16407915,Ervin Jüri Nõmmera,Q21103025,Minister of Finance,,,,,,,,,,,,,,,Q16407915-C54BB9B4-71DB-4FB7-AAA2-A86824FF7DE7
Q293175,Ester Tuiksoo,Q16405106,Minister of Agriculture,2004-04-05,2007-04-05,,,,,,,,,,,,,Q293175-721FE916-F955-4301-BBD4-E27AE4953625
Q105069608,Eva-Maria Liimets,Q1760777,Minister of Foreign Affairs,2021-01-26,,Q105071498,Kaja Kallas' cabinet,,Q645970,Urmas Reinsalu,,,,,https://vm.ee/en/ministry-contacts/foreign-minister,,,Q105069608-76451455-4867-007f-841a-4c119017ceb4
Q105069608,Eva-Maria Liimets,Q1760777,Minister of Foreign Affairs,2021-01-26,,Q105071498,Kaja Kallas' cabinet,,Q645970,Urmas Reinsalu,,,,,https://www.valitsus.ee/peaminister-ministrid/valitsuse-koosseis,Eva-Maria Liimets,Välisminister,Q105069608-76451455-4867-007f-841a-4c119017ceb4
Q10997036,Ferdinand Eisen,Q23725838,Minister of Culture and Education,1960-01-01,1980-01-01,,,,,,,,,,,,,Q10997036-d458ef81-4b65-b762-b766-bf3db4037fad
Q571670,Friedrich Akel,Q1760777,Minister of Foreign Affairs,,,,,,,,,,,,,,,Q571670-2EFD5839-F91C-4959-BACD-5121579B6159
Q12362779,Friedrich Sauer,Q6866110,Minister of Education and Research,,,,,,,,,,,,,,,Q12362779-5EC3401A-A510-48D3-9E68-7D0A93A72DD8
Q1569349,Hain Rebas,Q3741249,Minister of Defence,1992-10-01,1993-08-01,,,,,,,,,,,,,Q1569349-B8A14FE8-C5B3-402A-BC24-01F670D28877
Q17446918,Hannes Hanso,Q3741249,Minister of Defence,2015-09-14,2016-11-23,,,,Q2097451,Sven Mikser,Q11716283,Margus Tsahkna,,,,,,Q17446918-cc265747-4510-6298-ee85-34516273628a
Q1399218,Hanno Pevkur,Q20528230,Minister of Justice,2012-12-10,2014-03-26,,,,Q1789192,Kristen Michal,Q13234758,Andres Anvelt,,,,,,Q1399218-994760F0-1E01-4C80-8DD1-6104DE4A6561
Q1399218,Hanno Pevkur,Q16402881,Minister of Social Affairs,2009-02-23,2012-12-10,,,,Q509232,Maret Maripuu,Q3785077,Taavi Rõivas,,,,,,Q1399218-891AADBB-C4FC-447B-8D41-BC68D9E925F5
Q1399218,Hanno Pevkur,Q6866431,Minister of the Interior,2014-03-26,2016-11-23,,,,Q1385792,Ken-Marti Vaher,Q13234758,Andres Anvelt,,,,,,Q1399218-CA6AA72C-F9C3-4271-8815-3E85E273C638
Q4242571,Hans Kruus,Q6866110,Minister of Education and Research,,,,,,,,,,,,,,,Q4242571-B4923287-D3CE-482B-A77E-3A7C013CA7BA
Q337423,Hans Rebane,Q1760777,Minister of Foreign Affairs,,,,,,,,,,,,,,,Q337423-C5094514-CF49-41F1-9CBA-76F497BAC0CD
Q12363417,Harald Laksberg,Q6866110,Minister of Education and Research,,,,,,,,,,,,,,,Q12363417-892079CB-0C92-4449-A5AA-3BF8BE35074B
Q1586128,Harri Õunapuu,Q16405106,Minister of Agriculture,1991-02-13,1992-02-19,,,,,,,,,,,,,Q1586128-15afea9f-4742-eeb5-1ac9-f6d73999737e
Q1586128,Harri Õunapuu,Q21103025,Minister of Finance,2002-01-28,2003-04-10,,,,Q156469,Siim Kallas,Q743319,Tõnis Palts,,,,,,Q1586128-FAD2131C-4800-46B4-8D71-7E6D51901F9D
Q17447275,Heido Vitsur,Q21121665,Minister of Economic Affairs and Communications,1992-01-30,1992-06-08,,,,,,,,,,,,,Q17447275-F447014D-0ADD-43E2-9151-D68BACF53010
Q21121859,Heiki Arike,Q6866431,Minister of the Interior,1993-12-14,1994-11-04,,,,Q293127,Lagle Parek,Q16405936,Kaido Kama,,,,,,Q21121859-01ce4ddd-4e37-cfb1-e2a1-a051472768dd
Q1594612,Heiki Kranich,Q21103025,Minister of Finance,1994-01-11,1994-06-21,,,,Q23727172,Madis Üürike,Q375400,Andres Lipstok,,,,,,Q1594612-B5B822B6-11D2-48F7-80D7-45254A4606FC
Q1594612,Heiki Kranich,Q12361541,Minister of the Environment,1999-03-25,2003-04-10,,,,,,,,,,,,,Q1594612-CF50DE07-A4E1-4E05-A710-E50C74DF693E
Q23042793,Heinrich Ajo,Q1760777,Minister of Foreign Affairs,,,,,,,,,,,,,,,Q23042793-0e557736-251e-48fd-b8b9-2296ed391314
Q12363615,Heinrich Bauer,Q6866110,Minister of Education and Research,1921-01-27,1922-11-22,,,,,,,,,,,,,Q12363615-936373E8-CB16-4F00-A65A-B11046698EB7
Q12363640,Heinrich Laretei,Q16402880,Minister of Agricultural Work,,,,,,,,,,,,,,,Q12363640-D2A174C1-00D8-4676-B478-B6BD4CB9C3E0
Q12363640,Heinrich Laretei,Q6866431,Minister of the Interior,1926-07-23,1926-11-12,,,11,Q126704,Kaarel Eenpalu,Q12364817,Jaan Hünerson,,,,,,Q12363640-503BA979-8ECD-4DF9-9AAD-3E6A46C54EDC
Q887254,Heinrich Mark,Q12372129,Prime Minister in duties of the President,1990-03-01,1992-10-06,,,5,Q886992,Tõnis Kint,Q153149,Lennart Meri,,,,,,Q887254-4288B8E0-4D19-4ADB-8389-E108AF03A33E
Q887254,Heinrich Mark,Q737115,Prime Minister of Estonia,1971-05-08,1990-03-01,,,,Q886992,Tõnis Kint,Q2071669,Enno Penno,,,,,,Q887254-ff3a029c-408b-7919-0577-cccad67727bb
Q724437,Helir-Valdor Seeder,Q16405106,Minister of Agriculture,2007-04-06,2014-03-26,,,,Q293175,Ester Tuiksoo,Q1398025,Ivari Padar,,,,,,Q724437-3B41F80C-2574-415F-8113-E5C8CB1DDA70
Q13628736,Helmen Kütt,Q24060088,Minister of Social Protection,2014-03-26,2015-03-30,,,,,,,,,,,,,Q13628736-0e024e05-4e24-c077-8994-7e0ccf2498a5
Q20528712,Henrik Hololei,Q21121665,Minister of Economic Affairs and Communications,2001-10-15,2002-01-28,,,,,,,,,,,,,Q20528712-F7E014DB-7D64-45A6-ADB0-ADF0B07B44B4
Q3440340,Hugo Bernhard Rahamägi,Q6866110,Minister of Education and Research,,,,,,,,,,,,,,,Q3440340-2C0C3CE4-1967-4034-9FA7-9E00EE72412B
Q12364101,Hugo Kukke,Q6866110,Minister of Education and Research,,,,,,,,,,,,,,,Q12364101-65C6D688-B877-4043-8EE5-068CF6F2B20A
Q12364101,Hugo Kukke,Q16402881,Minister of Social Affairs,,,,,,,,,,,,,,,Q12364101-C7A1B8AC-21EF-40BF-A7A3-A9740B348F8E
Q16404252,Ilmar Mändmets,Q16405106,Minister of Agriculture,1995-11-06,1997-03-17,,,,,,,,,,,,,Q16404252-2BAD8AD5-9338-48EF-98A8-D56C992AE2FE
Q12364503,Indrek Kannik,Q3741249,Minister of Defence,1994-01-01,1994-04-01,,,,,,,,,,,,,Q12364503-BE79BD80-34AD-4746-8E33-EA22430F4A89
Q16403371,Indrek Saar,Q16402952,Minister of Culture,2015-04-09,2019-04-29,,,,Q11032994,Urve Tiidus,Q1149033,Tõnis Lukas,,,,,,Q16403371-CF8ED6FA-C52B-4C26-B781-6CF0D1ECFCEE
Q1398025,Ivari Padar,Q16405106,Minister of Agriculture,1999-03-25,2002-01-28,,,,Q12359190,Andres Varik,Q1410118,Jaanus Marrandi,,,,,,Q1398025-db3e87d9-4f4b-1837-825d-2f67b2dcec9b
Q1398025,Ivari Padar,Q16405106,Minister of Agriculture,2014-04-07,2015-04-09,,,,Q724437,Helir-Valdor Seeder,Q3741429,Urmas Kruuse,,,,,,Q1398025-D57AAAE5-CDEC-4DFC-9BEF-1B9DE74FAB3F
Q1398025,Ivari Padar,Q21103025,Minister of Finance,2007-04-05,2009-05-21,,,,Q12358481,Aivar Sõerd,Q983831,Jürgen Ligi,,,,,,Q1398025-AB31D368-3508-4581-A5DB-6FA251708A6A
Q1375585,Jaak Aab,Q6866110,Minister of Education and Research,2020-11-25,2021-01-26,Q63343147,Jüri Ratas' second cabinet,,Q449851,Mailis Reps,Q20933509,Liina Kersna,,,,,,Q1375585-fdc44779-4165-17ea-eefc-bbb956179de7
Q1375585,Jaak Aab,Q20528404,Minister of Public Administration,2017-06-12,2018-05-02,Q27907838,Jüri Ratas' first cabinet,,Q16404020,Mihhail Korb,Q16404169,Janek Mäggi,,,,,,Q1375585-462ec499-4070-f05f-21b1-5917330e48d2
Q1375585,Jaak Aab,Q20528404,Minister of Public Administration,2019-04-29,2020-11-20,Q63343147,Jüri Ratas' second cabinet,,Q16404169,Janek Mäggi,Q22041600,Anneli Ott,,,,,,Q1375585-f163309c-4789-f711-be8e-5be90f3fe632
Q1375585,Jaak Aab,Q20528404,Minister of Public Administration,2021-01-26,,Q105071498,Kaja Kallas' cabinet,,Q22041600,Anneli Ott,,,,,https://www.valitsus.ee/peaminister-ministrid/valitsuse-koosseis,Jaak Aab,Riigihalduse minister,Q1375585-22d80b04-4398-3b67-6b89-938f1f439eab
Q1375585,Jaak Aab,Q16402881,Minister of Social Affairs,2005-04-13,2007-04-05,,,,Q1399189,Marko Pomerants,Q509232,Maret Maripuu,,,,,,Q1375585-6597DA68-9266-4E70-A436-D46A3A901F0D
Q253515,Jaak Aaviksoo,Q23725838,Minister of Culture and Education,1995-11-06,1995-12-31,,,,,,,,,,,,,Q253515-25BD0AB6-9987-45C5-828D-D9BFBE65217E
Q253515,Jaak Aaviksoo,Q3741249,Minister of Defence,2007-04-05,2011-04-06,,,,,,,,,,,,,Q253515-1EA4284A-FD76-47E9-81FC-60AB2B847A63
Q253515,Jaak Aaviksoo,Q6866110,Minister of Education and Research,1996-01-01,1996-11-30,,,,,,,,,,,,,Q253515-a0f9bd8c-4e91-a0dc-1a84-15def8725e05
Q253515,Jaak Aaviksoo,Q6866110,Minister of Education and Research,2011-04-06,2014-03-26,,,,,,,,,,,,,Q253515-3D794363-2DF9-48E3-92E8-526FAE31AE26
Q1676747,Jaak Allik,Q16402952,Minister of Culture,1996-01-01,1999-03-25,,,,Q12372215,Peeter Olesk,,,,,,,,Q1676747-81AC8EA5-97ED-4B55-8ED5-A613A3D61818
Q1676747,Jaak Allik,Q24067751,minister without portfolio,1995-11-06,1996-01-01,,,,,,,,,,,,,Q1676747-9aa8a34d-4170-f29b-a79b-e1f1b81a1fde
Q1676748,Jaak Jõerüüt,Q3741249,Minister of Defence,2004-11-22,2005-10-08,,,,,,,,,,https://www.delfi.ee/artikkel/41831347/ilves-nimetas-eesti-suursaadikuks-rootsis-jaak-joeruudi,,,Q1676748-46FB30A3-939B-4410-BA74-64943C56A642
Q12364770,Jaak Leimann,Q21121665,Minister of Economic Affairs and Communications,1996-12-02,1999-03-25,,,,,,,,,,,,,Q12364770-FFA93785-F4F1-4E89-9772-F0CD93EEEEF0
Q12364817,Jaan Hünerson,Q16402880,Minister of Agricultural Work,,,,,,,,,,,,,,,Q12364817-AF4D4794-5F76-4CB8-897B-58EBC62B8FE7
Q12364817,Jaan Hünerson,Q6866110,Minister of Education and Research,,,,,,,,,,,,,,,Q12364817-D7856AA5-90CA-4CCD-847A-D61338DDA2CA
Q12364817,Jaan Hünerson,Q6866431,Minister of the Interior,1927-03-04,1928-12-04,,,12,Q14772678,Ado Anderkopp,Q12365170,Johan Raid,,,,,,Q12364817-6bc89a08-41dc-e22c-621d-614ebaed12a0
Q12364817,Jaan Hünerson,Q6866431,Minister of the Interior,1931-02-12,1931-11-20,,,16,Q14772678,Ado Anderkopp,Q12365170,Johan Raid,,,,,,Q12364817-6E2BA44B-A64D-4E0C-93ED-FD2E697AD124
Q432312,Jaan Lattik,Q6866110,Minister of Education and Research,,,,,,,,,,,,,,,Q432312-F264A288-E7F5-41A8-AC1E-E44BE0DED986
Q432312,Jaan Lattik,Q1760777,Minister of Foreign Affairs,1928-12-04,1931-02-12,,,,,,,,,,,,,Q432312-C98AE978-AE1F-4479-B4CD-C2C976773799
Q16405864,Jaan Leetsar,Q16405106,Minister of Agriculture,1992-10-21,1994-11-08,,,,,,,,,,,,,Q16405864-7F3E9202-5B5B-45A6-8480-FA6E94FC4A14
Q1530269,Jaan Manitski,Q1760777,Minister of Foreign Affairs,1992-04-01,1992-10-01,,,,Q153149,Lennart Meri,Q1387518,Trivimi Velliste,,,,,,Q1530269-23F15803-7FEE-4A0D-AF08-0F56E53ED228
Q7872875,Jaan Piiskar,Q6866110,Minister of Education and Research,,,,,,,,,,,,,,,Q7872875-8F30AF2B-75E0-4329-B3A9-F2D24CA29379
Q1385836,Jaan Poska,Q1760777,Minister of Foreign Affairs,1918-02-24,1919-09-20,,,1,,,Q887682,Ants Piip,,,,,,Q1385836-321F7125-93A7-4A94-AF15-4E2B2AFA79AE
Q3742400,Jaan Soots,Q3741249,Minister of Defence,1921-01-25,1923-08-02,,,,,,,,,,,,,Q3742400-96D03822-2E3C-4EA4-8D21-1534833F93BA
Q3742400,Jaan Soots,Q3741249,Minister of Defence,1924-12-16,1927-03-04,,,,,,,,,,,,,Q3742400-8cc7ce4d-41c8-282b-3d48-236e2c68cdd0
Q710956,Jaan Tõnisson,Q1760777,Minister of Foreign Affairs,,,,,,,,,,,,,,,Q710956-12FEECE7-A668-4C28-89C5-54236E4C731C
Q710956,Jaan Tõnisson,Q737115,Prime Minister of Estonia,1919-11-18,1920-07-28,,,,,,,,,,,,,Q710956-DA53B633-56AE-4AA5-AC28-E12C667FDC8F
Q710956,Jaan Tõnisson,Q737115,Prime Minister of Estonia,1920-07-30,1920-10-26,,,,,,,,,,,,,Q710956-ccca5c79-4d2b-ab4f-98be-56f9ec95e7eb
Q12364933,Jaan Õunapuu,Q23268238,Minister of Regional Affairs,2003-04-10,2007-04-05,,,,,,,,,,,,,Q12364933-8AB10532-F9A5-4141-A73F-6B064A3F9B8E
Q1410118,Jaanus Marrandi,Q16405106,Minister of Agriculture,2002-01-28,2003-04-10,,,,,,,,,,,,,Q1410118-1112BED1-8378-497E-8A32-192A374515EA
Q1375483,Jaanus Tamkivi,Q12361541,Minister of the Environment,2007-04-05,2011-04-05,,,,Q14542629,Rein Randver,,,,,,,,Q1375483-0C0874F5-F5E3-4EC3-921F-B6EDEEC979E7
Q16404169,Janek Mäggi,Q20528404,Minister of Public Administration,2018-05-02,2019-04-29,Q27907838,Jüri Ratas' first cabinet,,Q1375585,Jaak Aab,Q1375585,Jaak Aab,,,,,,Q16404169-ea225913-48ad-f2cf-bac4-8885ee0e88a7
Q12365130,Jevgeni Ossinovski,Q6866110,Minister of Education and Research,2014-03-26,2015-04-09,,,,,,,,,,,,,Q12365130-4A9037E6-4CB6-4DC9-AC7B-3C2492D6661A
Q12365130,Jevgeni Ossinovski,Q24060082,Minister of Health and Labour,2015-09-14,2018-05-02,,,,Q12373563,Rannar Vassiljev,Q52704406,Riina Sikkut,,,,,,Q12365130-45775c0d-4f82-b32a-dadf-06398b6ade88
Q12365167,Johan Müller,Q6866431,Minister of the Interior,1933-10-21,1934-03-31,,,,,,,,,,,,,Q12365167-D0B25BFC-3A97-4945-B15F-77835BABAB66
Q12365170,Johan Raid,Q6866431,Minister of the Interior,1931-11-20,1932-02-19,,,,,,,,,,,,,Q12365170-61c76ea4-4950-1b4c-415c-d7e6006b48b6
Q15705841,Johannes Friedrich Zimmermann,Q16402880,Minister of Agricultural Work,,,,,,,,,,,,,,,Q15705841-41510CA1-CCC4-41EC-9682-80C1B734FE2B
Q15705841,Johannes Friedrich Zimmermann,Q21121665,Minister of Economic Affairs and Communications,,,,,,,,,,,,,,,Q15705841-938F17F6-0E16-4B40-8F71-9A8EA5C1A19F
Q15705841,Johannes Friedrich Zimmermann,Q21103025,Minister of Finance,,,,,,,,,,,,,,,Q15705841-986C9494-65C4-4D53-804C-7D277A7BFFF2
Q1663442,Johannes Semper,Q6866110,Minister of Education and Research,,,,,,,,,,,,,,,Q1663442-8141624F-DB0A-4F11-A819-98225AD8C490
Q3739687,Johannes Sikkar,Q6866431,Minister of the Interior,1953-01-12,1960-01-01,,,,,,,,,,,,,Q3739687-CF2D3273-F329-4BB9-A233-798607A8BFB4
Q709956,Johannes Vares,Q737115,Prime Minister of Estonia,1940-06-21,1940-08-25,,,,,,,,,,http://www.estonica.org/et/pildid/j_varese_nukuvalitsus/,,,Q709956-d0915a92-4426-7b33-c13a-8b4db84de162
Q12365481,Juhan Kartau,Q6866110,Minister of Education and Research,,,,,,,,,,,,,,,Q12365481-A02BA86C-B464-4D65-9775-9ADC96580B05
Q887260,Juhan Kukk,Q21103025,Minister of Finance,,,,,,,,,,,,,,,Q887260-4A030558-C3DE-4C82-BA42-9C8E24245D93
Q16404613,Juhan Narma,Q21121665,Minister of Economic Affairs and Communications,1940-06-21,1940-08-25,,,,,,,,,,,,,Q16404613-AB2FDCAB-AD19-434A-B4B3-29682572ABE2
Q312894,Juhan Parts,Q21121665,Minister of Economic Affairs and Communications,2007-04-06,2014-03-26,,,,Q465437,Urve Palo,Q15983657,Anne Sulling,,,,,,Q312894-B42E24BA-6AD0-468D-9C21-6130FCB3B169
Q312894,Juhan Parts,Q737115,Prime Minister of Estonia,2003-04-10,2005-04-12,,,15,Q156469,Siim Kallas,Q57640,Andrus Ansip,,,,,,Q312894-36274EDB-908B-4F61-88E2-FE6B44CC0ACF
Q1712982,Julius Seljamaa,Q1760777,Minister of Foreign Affairs,,,,,,,,,,,,,,,Q1712982-0A6D78FF-139F-4DB2-8A58-4D23275E8EE0
Q983831,Jürgen Ligi,Q3741249,Minister of Defence,2005-10-10,2007-04-05,,,,,,,,,,,,,Q983831-131151FC-6CF4-410C-917A-D5340F4B4844
Q983831,Jürgen Ligi,Q6866110,Minister of Education and Research,2015-04-09,2016-09-12,,,,Q12365130,Jevgeni Ossinovski,Q16405768,Maris Lauri,,,,,,Q983831-582923FE-0C19-4786-BBDD-F4452ED52B25
Q983831,Jürgen Ligi,Q21103025,Minister of Finance,2009-06-04,2014-11-03,,,,Q1398025,Ivari Padar,Q11158997,Sven Sester,,,,,,Q983831-0AC5C372-15E8-4E35-9111-7BADDE5C6D0F
Q983831,Jürgen Ligi,Q1760777,Minister of Foreign Affairs,2016-09-12,2016-11-23,,,,Q439111,Marina Kaljurand,Q2097451,Sven Mikser,,,,,,Q983831-f0ae27f3-4d46-7cb5-2d16-f9eed537bbbe
Q12365796,Jüri Adams,Q20528230,Minister of Justice,1994-11-08,1995-04-17,,,,Q7900720,Urmas Arumäe,,,,,,,,Q12365796-E1D7B02B-8B79-440C-96C4-EC3283F7CDB6
Q16404002,Jüri Annusson,Q6866110,Minister of Education and Research,1920-10-27,1921-01-27,,,,,,,,,,,,,Q16404002-AF4F3273-1991-47E6-93D6-AC4E5795B0CD
Q1433583,Jüri Luik,Q3741249,Minister of Defence,1993-08-01,1994-01-01,,,,Q1569349,Hain Rebas,Q12364503,Indrek Kannik,,,,,,Q1433583-1D372C16-73AC-465A-B4E1-1F9CD49C45E6
Q1433583,Jüri Luik,Q3741249,Minister of Defence,1999-03-25,2002-01-28,,,,,,,,,,,,,Q1433583-D8687FCF-7539-44CD-A023-0FA12B19D6D3
Q1433583,Jüri Luik,Q3741249,Minister of Defence,2017-06-12,2021-01-26,Q63343147,Jüri Ratas' second cabinet,,Q11716283,Margus Tsahkna,Q978349,Kalle Laanet,,,,,,Q1433583-01C4DAB8-5B72-446B-984F-56D35D78D5A1
Q1433583,Jüri Luik,Q3741249,Minister of Defence,2017-06-12,2021-01-26,Q27907838,Jüri Ratas' first cabinet,,Q11716283,Margus Tsahkna,Q978349,Kalle Laanet,,,,,,Q1433583-01C4DAB8-5B72-446B-984F-56D35D78D5A1
Q1433583,Jüri Luik,Q1760777,Minister of Foreign Affairs,1994-01-01,1995-04-01,,,,Q1387518,Trivimi Velliste,Q1406293,Riivo Sinijärv,,,,,,Q1433583-A6910C33-D8BF-4DC0-BC3C-4A6BB4FC93F9
Q6321970,Jüri Mõis,Q6866431,Minister of the Interior,1999-03-25,1999-11-05,,,,Q2018155,Olari Taal,,,,,,,,Q6321970-F633924E-6DDD-400A-A18F-1F697090953E
Q1424510,Jüri Pihl,Q6866431,Minister of the Interior,2007-04-05,2009-05-21,,,,Q978349,Kalle Laanet,Q1399189,Marko Pomerants,,,,,,Q1424510-6EB0017C-7624-4675-9732-F289A55333A6
Q1717901,Jüri Raidla,Q20528230,Minister of Justice,1990-04-03,1992-01-30,,,,,,,,,,,,,Q1717901-97925912-2313-49B9-8D26-43C9F4F87EE4
Q2621730,Jüri Ratas,Q737115,Prime Minister of Estonia,2016-11-23,2021-01-13,,,,Q3785077,Taavi Rõivas,Q11869065,Kaja Kallas,,,https://news.err.ee/1608071542/juri-ratas-resigns-as-prime-minister-following-loan-scandal,,,Q2621730-a9bc18b7-48da-8049-5937-7338d35a9280
Q887277,Jüri Uluots,Q12372129,Prime Minister in duties of the President,1940-06-20,1945-01-09,,,,Q299114,Konstantin Päts,Q725322,August Rei,,,,,,Q887277-FB1CDE4D-A528-4F3F-9B60-CC4436F264A4
Q887277,Jüri Uluots,Q737115,Prime Minister of Estonia,1939-10-12,1940-06-20,,,,Q126704,Kaarel Eenpalu,,,,,,,,Q887277-BB93058F-A696-417B-A868-5397A5424670
Q126704,Kaarel Eenpalu,Q6866431,Minister of the Interior,1920-07-28,1920-10-26,,,,,,,,,,,,,Q126704-C75FF03E-0EFC-41FA-AC1E-71444EAB6754
Q126704,Kaarel Eenpalu,Q6866431,Minister of the Interior,1921-01-25,1924-03-26,,,,,,,,,,,,,Q126704-de71e12b-4d91-05ee-5d7c-4e8323078da1
Q126704,Kaarel Eenpalu,Q6866431,Minister of the Interior,1924-12-16,1926-07-23,,,,,,,,,,,,,Q126704-78798409-49f0-b4fb-6b04-79c1f6c441cb
Q126704,Kaarel Eenpalu,Q6866431,Minister of the Interior,1934-08-25,1938-05-09,,,,,,,,,,,,,Q126704-af264f34-42d4-bc1e-b3c0-b8d290212790
Q126704,Kaarel Eenpalu,Q737115,Prime Minister of Estonia,1932-07-19,1932-11-01,,,,Q887238,Jaan Teemant,Q299114,Konstantin Päts,,,,,,Q126704-D9413AD9-A0FB-4618-8A57-15C9D8AF8007
Q126704,Kaarel Eenpalu,Q737115,Prime Minister of Estonia,1938-04-21,1939-10-12,,,,Q299114,Konstantin Päts,Q887277,Jüri Uluots,,,,,,Q126704-E00F0078-B1A4-4A20-BC03-A009D04779AB
Q13570003,Kadri Simson,Q16403845,Minister of Economic Affairs and Infrastructure,2016-11-23,2019-04-29,,,,Q1789192,Kristen Michal,Q16403144,Taavi Aas,,,,,,Q13570003-2b6fbac4-4893-206d-ffc8-a8df4aa05424
Q13603999,Kaia Iva,Q24060088,Minister of Social Protection,2016-11-23,2019-04-29,,,,Q11716283,Margus Tsahkna,,,,,,,,Q13603999-6e35dc71-445b-2564-35bd-b38492e6466b
Q16405936,Kaido Kama,Q20528230,Minister of Justice,1992-10-21,1994-05-23,,,,Q659781,Märt Rask,Q7900720,Urmas Arumäe,,,,,,Q16405936-46ebdee9-491a-9013-423a-788ff9aae436
Q16405936,Kaido Kama,Q6866431,Minister of the Interior,1994-11-04,1995-04-12,,,,Q21121859,Heiki Arike,Q355241,Edgar Savisaar,,,,,,Q16405936-f04ebcd1-489e-727e-cc15-8e85d34b736f
Q73278011,Kaimar Karu,Q63472711,Minister of Foreign Trade and Information Technology,2019-11-07,2020-04-20,Q63343147,Jüri Ratas' second cabinet,,Q62976082,Kert Kingo,Q91813940,Raul Siem,,,,,,Q73278011-4753275f-4155-64e4-f891-f867f74fc1a3
Q11869065,Kaja Kallas,Q737115,Prime Minister of Estonia,2021-01-26,,,,,Q2621730,Jüri Ratas,,,,,https://www.valitsus.ee/peaminister-ministrid/valitsuse-koosseis,Kaja Kallas,Peaminister,Q11869065-0551f3af-48c3-17fd-be15-1956c6fa1a79
Q12366158,Kalev Kallo,Q105474805,Minister of Transport and Communications,1995-04-17,1995-11-06,,,,,,,,,,,,,Q12366158-aa32bc04-4145-d92b-1c04-bb25f40ea4a2
Q16404517,Kalev Kukk,Q21121665,Minister of Economic Affairs and Communications,1995-11-06,1996-11-30,,,,,,,,,,,,,Q16404517-a7235df7-4063-8b36-7210-5028ce8dc828
Q978349,Kalle Laanet,Q3741249,Minister of Defence,2021-01-26,,Q105071498,Kaja Kallas' cabinet,,Q1433583,Jüri Luik,,,,,https://www.valitsus.ee/peaminister-ministrid/valitsuse-koosseis,Kalle Laanet,Kaitseminister,Q978349-faf71ab3-4b1d-5055-9ad6-bbcc9c904eae
Q978349,Kalle Laanet,Q6866431,Minister of the Interior,2005-04-13,2007-04-05,,,,Q1783372,Margus Leivo,Q1424510,Jüri Pihl,,,,,,Q978349-9882491A-2A4A-4215-92F7-323B437B9CF4
Q12366400,Karl Friedrich Luts,Q6866110,Minister of Education and Research,,,,,,,,,,,,,,,Q12366400-6D315DEF-47CE-468A-BA57-63883D50E935
Q713980,Karl Robert Pusta,Q1760777,Minister of Foreign Affairs,1920-07-28,1920-07-30,,,,,,,,,,,,,Q713980-90B6510A-EA41-45CE-BDBF-D607A390B61F
Q713980,Karl Robert Pusta,Q1760777,Minister of Foreign Affairs,1924-06-06,1925-10-05,,,,,,,,,,,,,Q713980-6278fdca-4139-a2d0-9e29-cbc7e24128fb
Q1733006,Karl Selter,Q1760777,Minister of Foreign Affairs,1938-05-09,1939-10-12,,,,,,,,,,,,,Q1733006-F2C75003-1211-40BF-A578-704A93F194FE
Q12366476,Karl Soonpää,Q16402880,Minister of Agricultural Work,,,,,,,,,,,,,,,Q12366476-FEE56B3F-FA2E-4A3B-9A63-0B9194ADFE8A
Q16405510,Katri Raik,Q6866431,Minister of the Interior,2018-11-26,2019-04-29,,,,Q13234758,Andres Anvelt,Q1453245,Mart Helme,,,https://news.err.ee/879998/katri-raik-appointed-new-interior-minister,,,Q16405510-429c25c1-4496-7b68-5277-2df5d483d45a
Q535426,Katrin Saks,Q24061775,Minister of Population and Ethnic Affairs,1999-03-25,2002-01-28,,,,,,,,,,,,,Q535426-63341e07-4edc-deff-a815-85483609a97e
Q458003,Keit Pentus-Rosimannus,Q21103025,Minister of Finance,2021-01-26,,Q105071498,Kaja Kallas' cabinet,,Q12369924,Martin Helme,,,,,https://www.valitsus.ee/peaminister-ministrid/valitsuse-koosseis,Keit Pentus-Rosimannus,Rahandusminister,Q458003-73ef823f-4d27-7be7-811d-b128aef3f1d7
Q458003,Keit Pentus-Rosimannus,Q1760777,Minister of Foreign Affairs,2014-11-17,2015-07-01,,,,Q58100,Urmas Paet,Q439111,Marina Kaljurand,,,,,,Q458003-560CD4A0-98FD-43F9-B523-E0B48CC5CD46
Q458003,Keit Pentus-Rosimannus,Q12361541,Minister of the Environment,2011-04-06,2014-11-17,,,,,,,,,,,,,Q458003-E81D9168-0120-4F61-B88C-6C9EE500A03B
Q1385792,Ken-Marti Vaher,Q20528230,Minister of Justice,2003-04-10,2005-04-13,,,,Q659781,Märt Rask,,,,,,,,Q1385792-4CF86336-C7CF-4A35-B59D-36101A1E2BC7
Q1385792,Ken-Marti Vaher,Q6866431,Minister of the Interior,2011-04-06,2014-03-26,,,,Q1399189,Marko Pomerants,Q1399218,Hanno Pevkur,,,,,,Q1385792-4FF923E9-B68C-40BD-8B79-F4CD4046EEC4
Q62976082,Kert Kingo,Q63472711,Minister of Foreign Trade and Information Technology,2019-05-16,2019-10-25,Q63343147,Jüri Ratas' second cabinet,,Q62933420,Marti Kuusik,Q73278011,Kaimar Karu,,,,,,Q62976082-a725fa48-435a-9976-a147-5991f935fa0a
Q729323,Konstantin Konik,Q6866110,Minister of Education and Research,,,,,,,,,,,,,,,Q729323-D8C38140-99A6-4C4A-95D5-F7422294BD96
Q299114,Konstantin Päts,Q6866431,Minister of the Interior,1918-02-24,1918-11-27,,,1,,,Q16407072,August Peet,,,,,,Q299114-D1CFC804-D659-42DC-912D-D1BC32EB7B16
Q299114,Konstantin Päts,Q737115,Prime Minister of Estonia,1934-01-24,1937-09-03,,,6,Q493018,State Elder,Q7241200,President-Regent,,,,,,Q299114-2CCDFCEF-D873-4622-874F-37CB79D8580E
Q16407300,Konstantin Treffner,Q6866110,Minister of Education and Research,1919-11-19,1920-08-02,,,,,,,,,,,,,Q16407300-D6DF5561-3CAE-4503-A9AC-472A196AE451
Q1789192,Kristen Michal,Q16403845,Minister of Economic Affairs and Infrastructure,2015-04-09,2016-11-23,,,,Q465437,Urve Palo,Q13570003,Kadri Simson,,,,,,Q1789192-F0B26D6B-A97C-4E1E-8B2D-25DB57FFDF28
Q1789192,Kristen Michal,Q20528230,Minister of Justice,2011-04-06,2012-12-10,,,,Q998617,Rein Lang,Q1399218,Hanno Pevkur,,,,,,Q1789192-C5A908C6-F205-44DA-83FF-EDE59A81384E
Q98122403,Kristian Jaani,Q6866431,Minister of the Interior,2021-01-26,,Q105071498,Kaja Kallas' cabinet,,Q16405586,Alar Laneman,,,,,https://www.valitsus.ee/peaminister-ministrid/valitsuse-koosseis,Kristian Jaani,Siseminister,Q98122403-fd4e9e25-4733-fa70-fddd-8ebf41869c2e
Q438802,Kristiina Ojuland,Q1760777,Minister of Foreign Affairs,2002-01-28,2005-02-10,,,,Q57289,Toomas Hendrik Ilves,Q1676748,Jaak Jõerüüt,,,,,,Q438802-69FC21BF-AF1B-4441-8916-3B6A25DAEE01
Q293127,Lagle Parek,Q6866431,Minister of the Interior,1992-10-21,1993-11-27,,,,Q24059521,Robert Närska,Q21121859,Heiki Arike,,,,,,Q293127-7671B766-3E39-4DBC-A5F9-795741531ED2
Q449939,Laine Randjärv,Q16402952,Minister of Culture,2007-04-05,2011-04-06,,,,Q16408011,Raivo Palmaru,Q998617,Rein Lang,,,,,,Q449939-D5B6833B-D341-46F2-BEF0-028692D3E63F
Q16406313,Laur Karu,Q16402881,Minister of Social Affairs,1992-03-12,1992-10-21,,,,,,,,,,,,,Q16406313-68A2CE79-AF40-41BE-8623-B82D1ADB4566
Q153149,Lennart Meri,Q1760777,Minister of Foreign Affairs,1990-04-01,1992-03-01,,,,Q1727216,Olev Olesk,Q1530269,Jaan Manitski,,,,,,Q153149-80BC21AE-A7DD-4893-9452-7523D1D0ED5A
Q1818740,Leo Sepp,Q21103025,Minister of Finance,,,,,,,,,,,,,,,Q1818740-D104303A-1AC1-4EDD-B73A-2FC171F1F1E3
Q16404758,Leopold Johanson,Q6866110,Minister of Education and Research,,,,,,,,,,,,,,,Q16404758-46ED9177-B712-41A5-AB0B-7F7E91D85E9E
Q724205,Lepo Sumera,Q16402952,Minister of Culture,1990-04-10,1992-01-29,,,,,,,,,,,,,Q724205-1653277D-8E00-4DAD-B6A0-552D52677AB1
Q955751,Liia Hänni,Q106996576,Minister of Reform,1992-01-01,1995-01-01,,,,,,,,,,,,,Q955751-eff4332f-422e-9ebe-28c5-1ce360b18291
Q20933509,Liina Kersna,Q6866110,Minister of Education and Research,2021-01-26,,Q105071498,Kaja Kallas' cabinet,,Q1375585,Jaak Aab,,,,,https://www.valitsus.ee/peaminister-ministrid/valitsuse-koosseis,Liina Kersna,Haridus- ja teadusminister,Q20933509-aa986fe2-4e0e-03f9-b0c9-50a23aa160c9
Q1340201,Liina Tõnisson,Q21121665,Minister of Economic Affairs and Communications,2002-01-28,2003-04-10,,,,,,,,,,,,,Q1340201-79db692f-487c-6084-481c-702e8a372ddb
Q21009735,Liisa Oviir,Q20933474,Minister of Entrepreneurship and Information Technology,2015-09-14,2016-11-23,Q19776482,Taavi Rõivas' second cabinet,,Q465437,Urve Palo,Q465437,Urve Palo,,,,,,Q21009735-6989304e-4643-7be9-a531-59c4cc22c55e
Q16405865,Lui Olesk,Q6866431,Minister of the Interior,1920-10-26,1921-01-25,,,,Q126704,Kaarel Eenpalu,Q126704,Kaarel Eenpalu,,,,,,Q16405865-FDFEB6A9-F373-4A6A-B3E2-833AEF234A95
Q23727172,Madis Üürike,Q21103025,Minister of Finance,1992-10-21,1994-01-07,,,,Q17447012,Rein Miller,Q1594612,Heiki Kranich,,,,,,Q23727172-ee6f99e5-46ce-d0f2-b28b-ebd4ff9df116
Q449851,Mailis Reps,Q6866110,Minister of Education and Research,2002-01-28,2003-04-10,,,,,,,,,,,,,Q449851-d596ce85-4019-3eab-3ee6-9d30a4a5acc3
Q449851,Mailis Reps,Q6866110,Minister of Education and Research,2005-04-13,2007-04-05,,,,,,,,,,,,,Q449851-4E436A8C-A62E-4CB6-8BDF-8F328CB6E33D
Q449851,Mailis Reps,Q6866110,Minister of Education and Research,2016-11-23,2019-04-29,Q27907838,Jüri Ratas' first cabinet,,Q16405768,Maris Lauri,,,,,,,,Q449851-e4e10c55-4cbd-1bef-eebd-7acaa89f372e
Q449851,Mailis Reps,Q6866110,Minister of Education and Research,2019-04-29,2020-11-21,Q63343147,Jüri Ratas' second cabinet,,,,,,,,https://www.err.ee/1161748/president-vabastas-mailis-repsi-ministriametist,,,Q449851-81dfe449-41d8-0d58-84f1-e6b742bfa90a
Q1885929,Mait Klaassen,Q6866110,Minister of Education and Research,1997-03-17,1999-03-25,,,,,,,,,,,,,Q1885929-42CF3083-18AA-4AC7-9DA7-084235B8283F
Q11049012,Mait Mihkel Mathiesen,Q1760777,Minister of Foreign Affairs,,,Q12371258,Nõmme government,,,,,,,,,,,Q11049012-f90c8eb0-356a-4d87-b74a-ed0b5dd96753
Q509232,Maret Maripuu,Q16402881,Minister of Social Affairs,2007-04-05,2009-02-23,,,,,,,,,,,,,Q509232-E23D9CB0-D387-442D-95E4-7ADFAAEF6F28
Q16403775,Margus Allikmaa,Q16402952,Minister of Culture,2002-09-04,2003-04-09,,,,,,,,,,,,,Q16403775-0C575036-CA7F-41F7-8493-4F22F610B1AB
Q6760839,Margus Hanson,Q3741249,Minister of Defence,2003-04-10,2004-11-22,,,,,,,,,,,,,Q6760839-D8566280-36EB-4FF9-AFDA-210E7CB38A68
Q1783372,Margus Leivo,Q6866431,Minister of the Interior,2003-04-10,2005-04-13,,,,Q934755,Toomas Varek,,,,,,,,Q1783372-62457BB6-501A-435C-843B-04E1A83F2ED6
Q11716283,Margus Tsahkna,Q3741249,Minister of Defence,2016-11-23,2017-06-12,,,,Q17446918,Hannes Hanso,Q1433583,Jüri Luik,,,,,,Q11716283-d38ae8db-4545-c27b-e90c-741077e0da34
Q11716283,Margus Tsahkna,Q24060088,Minister of Social Protection,2015-04-09,2016-11-23,,,,Q13628736,Helmen Kütt,Q13603999,Kaia Iva,,,,,,Q11716283-7b38f82b-42c3-ff47-24bf-b6dd933bda52
Q439111,Marina Kaljurand,Q1760777,Minister of Foreign Affairs,2015-07-16,2016-09-12,,,28,Q458003,Keit Pentus-Rosimannus,Q983831,Jürgen Ligi,,,,,,Q439111-ED009B6A-4E45-46ED-B5CD-84D4184593BF
Q16405768,Maris Lauri,Q6866110,Minister of Education and Research,2016-09-12,2016-11-23,,,,Q983831,Jürgen Ligi,Q449851,Mailis Reps,,,,,,Q16405768-2de75068-4812-9ee3-2d42-ea0aae869abf
Q16405768,Maris Lauri,Q21103025,Minister of Finance,2014-11-03,2015-03-30,,,,Q983831,Jürgen Ligi,Q11158997,Sven Sester,,,,,,Q16405768-79fa5232-4885-80a0-dc3b-55bf64f7d4e1
Q16405768,Maris Lauri,Q20528230,Minister of Justice,2021-01-26,,Q105071498,Kaja Kallas' cabinet,,Q12373459,Raivo Aeg,,,,,https://www.valitsus.ee/peaminister-ministrid/valitsuse-koosseis,Maris Lauri,Justiitsminister,Q16405768-e2f16b12-4bcb-7876-d33e-ef335e94d5d7
Q468690,Marju Lauristin,Q16402881,Minister of Social Affairs,1992-10-22,1994-09-20,,,,,,Q2443012,Toomas Vilosius,,,,,,Q468690-968F6296-F0D3-426D-B96E-2C27B213B4B6
Q1399189,Marko Pomerants,Q16402881,Minister of Social Affairs,2003-04-10,2005-04-13,,,,,,,,,,,,,Q1399189-9F136CDD-6867-44C5-A851-BFFA2198DA53
Q1399189,Marko Pomerants,Q12361541,Minister of the Environment,2015-04-09,2017-06-12,,,,Q12369996,Mati Raidma,Q743341,Siim-Valmar Kiisler,,,,,,Q1399189-5DA18A2E-6F1A-4831-88DA-90BBC8C55D1E
Q1399189,Marko Pomerants,Q6866431,Minister of the Interior,2009-07-03,2011-04-05,,,,,,,,,,,,,Q1399189-24C97D69-9E22-4DD8-9EC4-87A61C0ADC54
Q1453245,Mart Helme,Q6866431,Minister of the Interior,2019-04-29,2020-11-09,Q63343147,Jüri Ratas' second cabinet,,Q16405510,Katri Raik,Q16405586,Alar Laneman,,,https://news.err.ee/1156858/minister-of-interior-mart-helme-resigns,,,Q1453245-854e4a57-43c4-c345-9469-67b22b910779
Q62930911,Mart Järvik,Q24060239,Minister of Rural Affairs,2019-04-29,2019-11-25,Q63343147,Jüri Ratas' second cabinet,,Q12376376,Tarmo Tamm,Q78076303,Arvo Aller,,,,,,Q62930911-bcf6fc7f-48e3-6c3b-60d4-9fd1dd0907bc
Q307473,Mart Laar,Q3741249,Minister of Defence,2011-04-06,2012-05-11,,,,,,Q645970,Urmas Reinsalu,,,,,,Q307473-A1CAD4BE-1E00-4F76-9F5F-C772605F1141
Q307473,Mart Laar,Q737115,Prime Minister of Estonia,1992-10-21,1994-11-08,,,,Q725427,Tiit Vähi,Q463099,Andres Tarand,,,,,,Q307473-15b8e5c5-49e9-e188-4413-b0368dee40be
Q307473,Mart Laar,Q737115,Prime Minister of Estonia,1999-03-25,2002-01-28,,,,Q470939,Mart Siimann,Q156469,Siim Kallas,,,,,,Q307473-e414acbc-4df8-2587-4781-09c10a9aacdb
Q1902900,Mart Opmann,Q21103025,Minister of Finance,1995-04-17,1999-03-25,,,,,,Q156469,Siim Kallas,,,,,,Q1902900-E7C4C84B-F07D-41FF-9C01-EB4ED83AF4F1
Q470939,Mart Siimann,Q737115,Prime Minister of Estonia,1997-03-17,1999-03-25,,,,Q725427,Tiit Vähi,Q307473,Mart Laar,,,,,,Q470939-92200524-46cf-3018-09ed-4367f91987a7
Q62933420,Marti Kuusik,Q63472711,Minister of Foreign Trade and Information Technology,2019-04-29,2019-04-30,Q63343147,Jüri Ratas' second cabinet,,,,,,,,,,,Q62933420-c4762ba5-4fce-7471-70fd-5f6e8231efb9
Q12369924,Martin Helme,Q21103025,Minister of Finance,2019-04-29,2021-01-26,Q63343147,Jüri Ratas' second cabinet,,,,Q458003,Keit Pentus-Rosimannus,,,,,,Q12369924-bfe4586a-4262-924a-692c-53bbab3c9708
Q20933560,Martin Repinski,Q24060239,Minister of Rural Affairs,2016-11-23,2016-12-09,,,,Q3741429,Urmas Kruuse,Q12376376,Tarmo Tamm,,,,,,Q20933560-ff17230d-47e7-420b-33eb-190b392edc17
Q12369996,Mati Raidma,Q12361541,Minister of the Environment,2014-11-17,2015-04-09,,,,,,,,,,,,,Q12369996-b23388d5-4d5b-6aaf-a9cf-170979e9affe
Q1916766,Meelis Atonen,Q21121665,Minister of Economic Affairs and Communications,2003-04-10,2004-09-13,,,,,,,,,,,,,Q1916766-C4311249-9270-41DA-A98F-7F52EA49F401
Q16404020,Mihhail Korb,Q20528404,Minister of Public Administration,2016-11-23,2017-06-12,,,,Q616356,Arto Aas,Q1375585,Jaak Aab,,,,,,Q16404020-9f53838d-495f-7736-c9dc-25fa7d734716
Q12370291,Mihkel Juhkam,Q3741249,Minister of Defence,1928-12-04,1929-03-31,,,,,,,,,,,,,Q12370291-BFB6503D-7633-4999-B4BD-7F13C2DD17C0
Q1932854,Mihkel Pung,Q1760777,Minister of Foreign Affairs,,,,,,,,,,,,,,,Q1932854-F188A902-5656-43A9-AEE7-F21BAC6CAEEC
Q12370314,Mihkel Pärnoja,Q21121665,Minister of Economic Affairs and Communications,1999-03-25,2001-10-05,,,,,,,,,,,,,Q12370314-07ef9140-41e3-ef54-d067-ab5ec8765176
Q12370321,Mihkel Truusööt,Q21121665,Minister of Economic Affairs and Communications,1953-01-14,1956-09-10,,,,,,,,,,,,,Q12370321-A14EE06C-2E0A-4A61-A394-1D046CFA7296
Q659781,Märt Rask,Q20528230,Minister of Justice,1992-01-30,1992-10-21,,,,Q1717901,Jüri Raidla,Q16405936,Kaido Kama,,,,,,Q659781-fb3f6ecd-4ef3-6541-89bd-f911d132d401
Q659781,Märt Rask,Q20528230,Minister of Justice,1999-03-25,2003-04-10,,,,Q449663,Paul Varul,Q1385792,Ken-Marti Vaher,,,,,,Q659781-eb07e999-4766-0418-72e3-70aa04a7c8c1
Q659781,Märt Rask,Q6866431,Minister of the Interior,1995-11-06,1996-12-01,,,,Q355241,Edgar Savisaar,Q1406293,Riivo Sinijärv,,,,,,Q659781-9080548d-40a5-52a5-a3be-66606a4c90d2
Q12371039,Nikolai Kann,Q6866110,Minister of Education and Research,1933-10-21,1936-03-31,,,,,,,,,,,,,Q12371039-D1499AB6-6485-4EA9-B734-5211B6525AD1
Q11001286,Nikolai Köstner,Q21121665,Minister of Economic Affairs and Communications,,,,,,,,,,,,,,,Q11001286-DD101F54-F93C-47B4-B8CC-41138D0ACB90
Q1234774,Nikolai Reek,Q3741249,Minister of Defence,1927-03-04,1928-12-04,,,,,,,,,,,,,Q1234774-5531D2BD-0C75-4B9C-927C-E59EE391089F
Q16408504,Nikolai Talts,Q16402880,Minister of Agricultural Work,,,,,,,,,,,,,,,Q16408504-85234479-2240-44C6-B7EE-6052A9A3782D
Q2018155,Olari Taal,Q6866431,Minister of the Interior,1998-01-29,1999-03-25,,,,,,,,,,,,,Q2018155-0FDB88CB-8FBA-47BE-985C-C09F5220C011
Q11797828,Olev Laanjärv,Q6866431,Minister of the Interior,1990-04-17,1992-01-30,,,,,,Q24059521,Robert Närska,,,,,,Q11797828-7ADA0735-40F0-4985-B136-002C52E84FBE
Q1727216,Olev Olesk,Q1760777,Minister of Foreign Affairs,1990-01-01,1992-01-01,,,,Q1332782,Elmar Lipping,Q153149,Lennart Meri,,,,,,Q1727216-ac690c0e-4317-b4bb-d7f4-b4903149550b
Q12371579,Oskar Kask,Q16402881,Minister of Social Affairs,1936-01-01,1940-01-01,,,,,,,,,,,,,Q12371579-052645B2-EB10-4C97-8365-DDF7263125D2
Q2033805,Oskar Köster,Q16402880,Minister of Agricultural Work,,,,,,,,,,,,,,,Q2033805-79984E35-BBEC-41CA-9A7E-77C0CDF7679B
Q2033805,Oskar Köster,Q3741249,Minister of Defence,1929-07-09,1931-02-12,,,,,,,,,,,,,Q2033805-CC8F9B28-F2C9-4CF4-BEA3-8AC86812EC78
Q16407298,Oskar Lõvi,Q21121665,Minister of Economic Affairs and Communications,,,,,,,,,,,,,,,Q16407298-F281C8CF-862B-41C9-874C-A54E96733084
Q16405639,Oskar Suursööt,Q21121665,Minister of Economic Affairs and Communications,,,,,,,,,,,,,,,Q16405639-CEDAD0CA-68DD-48D3-AD2D-C088DE424435
Q887019,Otto Strandman,Q16402880,Minister of Agricultural Work,,,,,,,,,,,,,,,Q887019-0517D885-4214-4DCD-BD52-D63B6A4B1A9E
Q887019,Otto Strandman,Q1760777,Minister of Foreign Affairs,1920-10-26,1921-01-14,,,,,,,,,,,,,Q887019-43142180-DE7C-4886-BB38-3363B1C2E7FD
Q887019,Otto Strandman,Q737115,Prime Minister of Estonia,1919-05-09,1919-11-18,,,,Q299114,Konstantin Päts,Q710956,Jaan Tõnisson,,,,,,Q887019-3FB04270-17EE-49FF-A072-4919C756902D
Q1375532,Otto Tief,Q6866431,Minister of the Interior,1944-09-18,1953-01-12,,,,,,,,,,,,,Q1375532-6012D110-7B4A-40B8-8ECF-C53173DAB4B2
Q1375532,Otto Tief,Q737115,Prime Minister of Estonia,1944-09-18,1944-09-25,,,,,,,,,,,,,Q1375532-039930E0-FA67-4548-9BC1-D9BD66062A67
Q909010,Paul Kogerman,Q6866110,Minister of Education and Research,,,,,,,,,,,,,,,Q909010-25593C69-BB20-4DB6-8895-4DBB7DBA9ACC
Q3743921,Paul Lill,Q3741249,Minister of Defence,1933-10-21,1937-02-28,,,,,,,,,,,,,Q3743921-06DFE858-F522-4665-A183-8780E9AC214D
Q449663,Paul Varul,Q20528230,Minister of Justice,1995-04-17,1999-03-25,,,,Q12365796,Jüri Adams,,,,,,,,Q449663-542FE975-8999-446D-845C-B47D3012FE03
Q788525,Paul-Eerik Rummo,Q23725838,Minister of Culture and Education,1992-10-22,1994-06-21,,,,,,,,,,,,,Q788525-4607F416-C099-4301-B210-67360F448921
Q788525,Paul-Eerik Rummo,Q6866110,Minister of Education and Research,1992-10-21,1994-06-21,,,,,,,,,,,,,Q788525-02535E92-88E7-4613-A108-2F304502DF20
Q788525,Paul-Eerik Rummo,Q24061775,Minister of Population and Ethnic Affairs,2003-04-10,2007-04-05,,,,,,,,,,,,,Q788525-d7dc1666-4638-63ba-dd36-78c9618dddf0
Q2067037,Peep Aru,Q23268238,Minister of Regional Affairs,1997-01-01,1999-01-01,,,,,,,,,,,,,Q2067037-780D5A03-9998-4C6F-BC10-73F268784351
Q2067037,Peep Aru,Q24067751,minister without portfolio,1997-04-07,1999-03-25,,,,,,,,,,,,,Q2067037-e837d275-4dcc-c747-5424-788b13c2409f
Q3741792,Peeter Kreitzberg,Q23725838,Minister of Culture and Education,1995-04-18,1995-11-05,,,,,,,,,,,,,Q3741792-cb320e19-41af-6b46-4236-131b36b7b657
Q12372191,Peeter Kurvits,Q21121665,Minister of Economic Affairs and Communications,,,,,,,,,,,,,,,Q12372191-93226216-2346-4062-B006-A4A8AAF7AA01
Q5965375,Peeter Luksep,Q21103025,Minister of Finance,1990-01-01,1992-01-01,,,,,,,,,,http://eestielu.com/en/news/26-in-memoriam/4444-suri-eesti-eksiilvalitsuse-rahandusminister-peeter-luksep,,,Q5965375-911F1048-86A6-4992-A4A6-325B1E732ABF
Q12372215,Peeter Olesk,Q23725838,Minister of Culture and Education,1994-11-01,1997-11-01,,,,,,,,,,,,,Q12372215-47082e99-4e81-0883-3055-6be6cf297068
Q12372215,Peeter Olesk,Q6866110,Minister of Education and Research,1994-06-27,1995-04-17,,,,,,,,,,,,,Q12372215-98065D3A-E3EF-4C6B-860E-129195C0B506
Q7160481,Peeter Põld,Q6866110,Minister of Education and Research,,,,,,,,,,,,,,,Q7160481-A4456BA1-0FC2-4ECD-A993-0CA7F23B9E22
Q103205431,Rain Epler,Q12361541,Minister of the Environment,2020-11-16,2021-01-26,Q63343147,Jüri Ratas' second cabinet,,Q62934345,Rene Kokk,Q62975984,Tõnis Mölder,,,,,,Q103205431-63d6430c-493e-9de3-3ee5-ddbd0f932ed8
Q12373459,Raivo Aeg,Q20528230,Minister of Justice,2019-04-29,2021-01-26,Q63343147,Jüri Ratas' second cabinet,,,,Q16405768,Maris Lauri,,,,,,Q12373459-f4933b91-47be-c448-2d8a-e51dbf165b4c
Q16408011,Raivo Palmaru,Q16402952,Minister of Culture,2005-04-13,2007-04-04,,,,Q58100,Urmas Paet,Q449939,Laine Randjärv,,,,,,Q16408011-79AF35C5-7B01-4371-A112-0671DD328897
Q2128607,Raivo Vare,Q21121665,Minister of Economic Affairs and Communications,1996-12-02,1999-03-25,,,,,,,,,,,,,Q2128607-26c43647-4b98-f9a8-e7f0-87787347e63f
Q12373563,Rannar Vassiljev,Q24060082,Minister of Health and Labour,2015-04-09,2015-09-14,,,,,,,,,,,,,Q12373563-2db40bf7-41e2-d373-cd3d-e3350b6b8ce0
Q1512977,Raul Mälk,Q1760777,Minister of Foreign Affairs,1998-10-14,1999-03-25,,,,Q57289,Toomas Hendrik Ilves,Q57289,Toomas Hendrik Ilves,,,,,,Q1512977-DE7215B4-EEC8-4F74-868D-08101E232E65
Q91813940,Raul Siem,Q63472711,Minister of Foreign Trade and Information Technology,2020-04-20,2021-01-26,,,,Q73278011,Kaimar Karu,Q62975823,Andres Sutt,,,,,,Q91813940-D0FB1B58-E44C-4539-8CBA-CA1369AEEEDE
Q998617,Rein Lang,Q16402952,Minister of Culture,2011-04-06,2013-12-04,,,,Q449939,Laine Randjärv,Q11032994,Urve Tiidus,,,,,,Q998617-E9FAFB31-22FA-4944-A68A-F4EDD83FE8C1
Q998617,Rein Lang,Q1760777,Minister of Foreign Affairs,2005-02-21,2005-04-13,,,,Q438802,Kristiina Ojuland,Q58100,Urmas Paet,,,,,,Q998617-B4A5BD91-8118-4B98-8C12-B0AA26A3896F
Q998617,Rein Lang,Q20528230,Minister of Justice,2005-04-12,2011-04-06,,,,Q1385792,Ken-Marti Vaher,,,,,,,,Q998617-DD3BF971-FB81-43E1-8323-8CB6A2D2DEE8
Q18753005,Rein Loik,Q6866110,Minister of Education and Research,1989-12-28,1992-10-21,,,,,,,,,,,,,Q18753005-5d6b27af-4e13-d831-5039-1acd39b329dc
Q18753005,Rein Loik,Q6866110,Minister of Education and Research,1996-12-02,1997-03-17,,,,,,,,,,,,,Q18753005-FCDBE846-D788-4743-9F37-1B3B7643B805
Q17447012,Rein Miller,Q21103025,Minister of Finance,1990-01-30,1992-10-21,,,,,,Q23727172,Madis Üürike,,,,,,Q17447012-E00BA629-A383-4A29-9753-3B556735F36D
Q14542629,Rein Randver,Q12361541,Minister of the Environment,2006-10-11,2007-04-05,,,,,,,,,,,,,Q14542629-0300EBD6-A653-4B90-91EB-4B58865F8E7B
Q62934345,Rene Kokk,Q12361541,Minister of the Environment,2019-04-29,2020-11-05,Q63343147,Jüri Ratas' second cabinet,,,,,,,,https://news.err.ee/1154873/environment-minister-rene-kokk-to-step-down,,,Q62934345-2bef8611-4a06-f152-5145-1a97e1b428bf
Q12373845,Rene Tammist,Q20933474,Minister of Entrepreneurship and Information Technology,2018-08-22,2019-04-29,,,,Q465437,Urve Palo,,,,,https://www.mkm.ee/en/ministry-contact/minister-entrepreneurship-and-information-technology-urve-palo,,,Q12373845-2d5cc1d6-4b3e-2194-8bae-a015bebb6e14
Q16658473,Richard Veermaa,Q6866431,Minister of the Interior,1938-01-01,1939-01-01,,,,Q126704,Kaarel Eenpalu,Q12359937,August Jürima,,,,,,Q16658473-FBA64C5C-E1D5-41A9-B005-525FC30AB5D8
Q52704406,Riina Sikkut,Q24060082,Minister of Health and Labour,2018-05-02,2019-04-29,Q27907838,Jüri Ratas' first cabinet,,Q12365130,Jevgeni Ossinovski,Q63383282,Tanel Kiik,,,,,,Q52704406-a4279609-464f-d359-6675-2e6afd3119fa
Q18753192,Riina Solman,Q24061775,Minister of Population and Ethnic Affairs,2019-04-29,2021-01-26,Q63343147,Jüri Ratas' second cabinet,,,,,,,,,,,Q18753192-132b822e-4b0a-7bc2-d13b-267c24ace9cb
Q1406293,Riivo Sinijärv,Q1760777,Minister of Foreign Affairs,1995-04-01,1995-11-01,,,,Q1433583,Jüri Luik,Q156469,Siim Kallas,,,,,,Q1406293-6C616D2F-3691-445F-882C-19A7532E1BB8
Q1406293,Riivo Sinijärv,Q6866431,Minister of the Interior,1996-12-01,1997-04-29,,,,Q659781,Märt Rask,,,,,,,,Q1406293-B4D167AB-9D04-4250-A1C9-8065294FB4D2
Q1406293,Riivo Sinijärv,Q24067751,minister without portfolio,1996-08-06,1996-12-01,,,,,,,,,,,,,Q1406293-8f471478-4117-4620-98f5-bca4b8489a5d
Q7346851,Robert Lepikson,Q6866431,Minister of the Interior,1997-05-05,1998-01-28,,,,,,,,,,,,,Q7346851-C1ABAB28-C7DF-4C7B-A76B-17368FA737A4
Q24059521,Robert Närska,Q6866431,Minister of the Interior,1992-01-30,1992-10-21,,,,Q11797828,Olev Laanjärv,Q293127,Lagle Parek,,,https://valitsus.ee/et/valitsus/varasemad-valitsused/ministrid/id/5732,,,Q24059521-47e72abc-4455-fae4-f66c-ab7f62645b75
Q2285186,Signe Kivi,Q16402952,Minister of Culture,1999-03-24,2002-08-29,,,,Q1676747,Jaak Allik,Q16403775,Margus Allikmaa,,,,,,Q2285186-75F110F9-C9B5-4A78-A9B2-20634B9ECDD1
Q64850482,Signe Riisalo,Q24060088,Minister of Social Protection,2021-01-26,,Q105071498,Kaja Kallas' cabinet,,,,,,,,https://www.valitsus.ee/peaminister-ministrid/valitsuse-koosseis,Signe Riisalo,Sotsiaalkaitseminister,Q64850482-5327818b-4b20-d375-028e-16c315545638
Q156469,Siim Kallas,Q21103025,Minister of Finance,1999-03-25,2002-01-28,,,,,,Q1586128,Harri Õunapuu,,,,,,Q156469-979bd00d-4739-aea8-633e-72578bd61865
Q156469,Siim Kallas,Q1760777,Minister of Foreign Affairs,1995-11-09,1996-11-21,,,,Q1406293,Riivo Sinijärv,Q57289,Toomas Hendrik Ilves,,,,,,Q156469-BCE63A28-25E5-4EBF-9ADA-C5169B9BC400
Q156469,Siim Kallas,Q737115,Prime Minister of Estonia,2002-01-28,2003-04-10,,,,Q307473,Mart Laar,Q312894,Juhan Parts,,,,,,Q156469-E074BBD9-D0D5-46EE-AEEC-7F7E8B4963F5
Q743341,Siim-Valmar Kiisler,Q23268238,Minister of Regional Affairs,2008-01-23,2014-03-26,,,,,,,,,,,,,Q743341-E3C7E31C-25AA-4E28-BF5A-FA9A7EDCD6C1
Q743341,Siim-Valmar Kiisler,Q12361541,Minister of the Environment,2017-06-12,2019-04-29,,,,Q1399189,Marko Pomerants,Q62934345,Rene Kokk,,,,,,Q743341-0010c384-4250-6e9d-0e16-593cb097e59b
Q272240,Siiri Oviir,Q16402881,Minister of Social Affairs,1995-04-17,1995-11-20,,,,Q2443012,Toomas Vilosius,Q2443012,Toomas Vilosius,,,,,,Q272240-8D88C568-717E-46FE-936A-12465E58E19B
Q272240,Siiri Oviir,Q16402881,Minister of Social Affairs,2002-01-28,2003-04-09,,,,Q450523,Eiki Nestor,Q1399189,Marko Pomerants,,,,,,Q272240-D64822A3-6F71-49B7-A298-421BF81586C9
Q2097451,Sven Mikser,Q3741249,Minister of Defence,2002-01-28,2003-04-10,,,,,,,,,,,,,Q2097451-97e235c0-45d7-034d-d5fa-594286c4464a
Q2097451,Sven Mikser,Q3741249,Minister of Defence,2014-03-26,2015-09-14,,,,,,,,,,,,,Q2097451-ED5D7B56-C23F-46B2-947E-747EBEB0B927
Q2097451,Sven Mikser,Q1760777,Minister of Foreign Affairs,2016-11-23,2019-04-29,,,,Q983831,Jürgen Ligi,Q645970,Urmas Reinsalu,,,,,,Q2097451-b97f1cad-460b-3948-2a6f-c441353bc266
Q11158997,Sven Sester,Q21103025,Minister of Finance,2015-04-09,2017-06-12,,,,Q983831,Jürgen Ligi,Q620859,Toomas Tõniste,,,,,,Q11158997-B806452B-343A-4904-A9CA-7936B1634C11
Q16403144,Taavi Aas,Q16403845,Minister of Economic Affairs and Infrastructure,2019-04-29,,Q63343147,Jüri Ratas' second cabinet,,,,,,,,https://www.valitsus.ee/peaminister-ministrid/valitsuse-koosseis,Taavi Aas,Majandus- ja taristuminister,Q16403144-840040e9-4059-27c6-94b7-ae011da05ac1
Q3785077,Taavi Rõivas,Q16402881,Minister of Social Affairs,2012-12-11,2014-03-26,,,,Q1399218,Hanno Pevkur,,,,,,,,Q3785077-74498C44-C072-422B-986D-A2CA917259BD
Q3785077,Taavi Rõivas,Q737115,Prime Minister of Estonia,2014-03-26,2016-11-23,,,,Q57640,Andrus Ansip,Q2621730,Jüri Ratas,,,,,,Q3785077-ca9649d6-475b-c5f0-cd80-83746c613bd8
Q441874,Taavi Veskimägi,Q21103025,Minister of Finance,2003-10-06,2005-04-13,,,,Q743319,Tõnis Palts,Q12358481,Aivar Sõerd,,,,,,Q441874-5499B98A-E765-464E-A485-55902DC96832
Q63383282,Tanel Kiik,Q24060082,Minister of Health and Labour,2021-01-26,,Q105071498,Kaja Kallas' cabinet,,,,,,,,https://www.valitsus.ee/peaminister-ministrid/valitsuse-koosseis,Tanel Kiik,Tervise- ja tööminister,Q63383282-3906dd12-4236-6124-c2bc-2414ad48fded
Q63383282,Tanel Kiik,Q16402881,Minister of Social Affairs,2019-04-29,2021-01-26,Q63343147,Jüri Ratas' second cabinet,,,,,,,,,,,Q63383282-79f33f9b-4dbd-0b6f-e375-68d2553a151a
Q12376368,Tarmo Loodus,Q6866431,Minister of the Interior,1999-11-09,2002-01-28,,,,Q6321970,Jüri Mõis,,,,,,,,Q12376368-636CEC10-23F2-45B0-BFE1-2E3F3F4E617F
Q12376376,Tarmo Tamm,Q24060239,Minister of Rural Affairs,2016-12-12,2019-04-29,,,,Q16404020,Mihhail Korb,Q62930911,Mart Järvik,,,,,,Q12376376-376d2fbd-4723-cab6-5265-a30de3066ce3
Q612701,Theodor Pool,Q16402880,Minister of Agricultural Work,,,,,,,,,,,,,,,Q612701-793A5FCF-890A-4CCE-9937-3B8D8A81EBFD
Q15430172,Theodor Rouk,Q6866431,Minister of the Interior,1924-03-26,1924-12-16,,,9,Q126704,Kaarel Eenpalu,Q126704,Kaarel Eenpalu,,,,,,Q15430172-0D0B7A7C-8BE4-487A-920B-45EF7D85E9C8
Q24067756,Tiit Kubri,Q24067751,minister without portfolio,1995-11-06,1997-03-17,,,,,,,,,,https://valitsus.ee/et/valitsus/varasemad-valitsused/ministrid/id/5852,,,Q24067756-627adc62-4cc2-5b8d-2117-435f1c81fbe1
Q24060017,Tiit Nuudi,Q12361541,Minister of the Environment,1989-12-21,1990-04-11,,,,,,Q7824113,Toomas Frey,,,https://www.riigiteataja.ee/akt/12872699,,,Q24060017-faacb327-49e9-ecaa-536f-95fbf6ced092
Q12376940,Tiit Tammsaar,Q16405106,Minister of Agriculture,2003-04-10,2004-04-02,,,,,,,,,,,,,Q12376940-8C148874-22AE-47A7-ABA2-A2F0E3BE1A31
Q12376941,Tiit Terik,Q16402952,Minister of Culture,2021-11-08,,,,,Q22041600,Anneli Ott,,,,,https://www.valitsus.ee/en/news/prime-minister-proposed-appointment-tiit-terik-minister-culture,,,Q12376941-dc3f7268-483d-787f-f337-7c34fd0d47ad
Q12376941,Tiit Terik,Q16402952,Minister of Culture,2021-11-08,,,,,Q22041600,Anneli Ott,,,,,https://www.valitsus.ee/en/tiit-terik,,,Q12376941-dc3f7268-483d-787f-f337-7c34fd0d47ad
Q725427,Tiit Vähi,Q105474805,Minister of Transport and Communications,1989-01-01,1992-01-01,,,,,,,,,,,,,Q725427-3d4f42c3-4e5b-981d-e2e1-e20d10d1f376
Q725427,Tiit Vähi,Q6866431,Minister of the Interior,1995-10-10,1995-11-03,,,,,,,,Q4676846,acting,,,,Q725427-381ECFC4-E1F8-4916-816E-261C71B50FC9
Q725427,Tiit Vähi,Q737115,Prime Minister of Estonia,1992-01-30,1992-09-01,,,,Q355241,Edgar Savisaar,Q307473,Mart Laar,,,,,,Q725427-4ac6781c-4589-4f37-2c02-8aa749dd511b
Q725427,Tiit Vähi,Q737115,Prime Minister of Estonia,1995-04-17,1997-02-25,,,,Q463099,Andres Tarand,Q470939,Mart Siimann,,,,,,Q725427-dd4223cf-439d-07a8-4a18-686b345cc442
Q544436,Tiiu Aro,Q16402881,Minister of Social Affairs,1996-02-12,1999-03-25,,,,,,,,,,,,,Q544436-3F57740C-27CB-4A60-801F-2E0FC883BBCC
Q1565411,Toivo Asmer,Q23268238,Minister of Regional Affairs,1999-03-25,2003-04-10,,,,,,,,,,,,,Q1565411-A309383A-0EF1-464F-B799-1DD46D95A307
Q2438863,Toivo Jürgenson,Q21121665,Minister of Economic Affairs and Communications,1999-03-25,2002-01-28,,,,,,,,,,,,,Q2438863-568A4F5C-5CB2-4EA6-89F7-7F2500092E9C
Q16407429,Toivo Maimets,Q6866110,Minister of Education and Research,2003-04-10,2005-04-13,,,,,,,,,,,,,Q16407429-27751E32-F420-4184-8638-CF80ADBD3ECC
Q7824113,Toomas Frey,Q12361541,Minister of the Environment,1990-04-11,1991-02-13,,,,Q24060017,Tiit Nuudi,,,,,,,,Q7824113-0a6a8400-41c2-b88e-4cc2-2a3836ef5d24
Q57289,Toomas Hendrik Ilves,Q1760777,Minister of Foreign Affairs,1996-12-02,1998-10-14,,,,Q156469,Siim Kallas,Q1512977,Raul Mälk,,,,,,Q57289-1FEAC6DE-FC09-4CBD-B9EE-49A983923F54
Q57289,Toomas Hendrik Ilves,Q1760777,Minister of Foreign Affairs,1999-03-25,2002-01-28,,,,Q1512977,Raul Mälk,Q438802,Kristiina Ojuland,,,,,,Q57289-6b85c638-430f-d140-370c-358feed27c54
Q12377124,Toomas Sildmäe,Q21121665,Minister of Economic Affairs and Communications,1993-01-01,1994-01-01,,,,,,,,,,,,,Q12377124-03DDF9D0-CF3C-4F3F-A446-2D7CEAC1260A
Q620859,Toomas Tõniste,Q21103025,Minister of Finance,2017-06-12,2019-04-29,,,,Q11158997,Sven Sester,Q12369924,Martin Helme,,,,,,Q620859-a2c7d90d-4763-42e9-e91b-d56d47b5784d
Q934755,Toomas Varek,Q6866431,Minister of the Interior,2003-02-10,2003-04-10,,,,Q9142838,Ain Seppik,,,,,,,,Q934755-D0E99923-16B2-44E0-8981-6EE14B35DB44
Q2443012,Toomas Vilosius,Q16402881,Minister of Social Affairs,1994-09-20,1995-05-01,,,,Q468690,Marju Lauristin,Q272240,Siiri Oviir,,,,,,Q2443012-EE40A56A-E781-498A-B0D9-7B950C103487
Q2443012,Toomas Vilosius,Q16402881,Minister of Social Affairs,1995-11-06,1996-12-01,,,,Q272240,Siiri Oviir,Q544436,Tiiu Aro,,,,,,Q2443012-77D6AB8B-D483-4292-90B3-F771A5AE6AB8
Q1387518,Trivimi Velliste,Q1760777,Minister of Foreign Affairs,1992-10-01,1994-01-01,,,,Q1530269,Jaan Manitski,Q1433583,Jüri Luik,,,,,,Q1387518-6176DFB7-A4D5-4197-A269-10123C974EAF
Q16405444,Tõnis Kaasik,Q12361541,Minister of the Environment,1991-02-13,1992-10-22,,,,,,,,,,,,,Q16405444-DCA89D5C-9FE5-4530-AF18-790AC3332E93
Q16405663,Tõnis Kalbus,Q6866431,Minister of the Interior,1928-12-04,1929-03-31,,,,,,,,,,,,,Q16405663-CF0F6E1D-9A5B-435B-9FDF-ABB609FB8CB9
Q886992,Tõnis Kint,Q12372129,Prime Minister in duties of the President,1970-12-23,1990-03-01,,,,Q888932,Aleksander Warma,Q887254,Heinrich Mark,,,,,,Q886992-5F50E468-DCE0-4F6F-A842-6A4B6C5A0552
Q1149033,Tõnis Lukas,Q16402952,Minister of Culture,2019-04-29,2021-01-26,Q63343147,Jüri Ratas' second cabinet,,,,Q22041600,Anneli Ott,,,,,,Q1149033-0ce65adf-448b-0dc1-865e-c45c334a1066
Q1149033,Tõnis Lukas,Q6866110,Minister of Education and Research,1999-03-25,2002-01-28,,,,,,,,,,,,,Q1149033-edd686af-409e-8bd9-f233-982c7c44cffe
Q1149033,Tõnis Lukas,Q6866110,Minister of Education and Research,2007-04-05,2011-04-05,,,,,,,,,,,,,Q1149033-ad8ad95e-4b85-d7ef-6ec4-73f9d5ed96f7
Q62975984,Tõnis Mölder,Q12361541,Minister of the Environment,2021-01-26,,Q105071498,Kaja Kallas' cabinet,,Q103205431,Rain Epler,,,,,https://www.valitsus.ee/peaminister-ministrid/valitsuse-koosseis,Tõnis Mölder,Keskkonnaminister,Q62975984-50cbe508-46c6-5380-ad81-5e1a336d5ee4
Q743319,Tõnis Palts,Q21103025,Minister of Finance,2003-04-10,2003-10-06,,,,,,Q441874,Taavi Veskimägi,,,,,,Q743319-CC03C377-A148-4C3A-9714-34E1244F8EDE
Q7900720,Urmas Arumäe,Q20528230,Minister of Justice,1994-06-02,1994-11-08,,,,Q16405936,Kaido Kama,,,,,,,,Q7900720-083586E3-3483-438E-AB07-948F84CBB461
Q3741429,Urmas Kruuse,Q24060082,Minister of Health and Labour,2014-03-26,2015-03-30,,,,Q3785077,Taavi Rõivas,Q12373563,Rannar Vassiljev,,,,,,Q3741429-aa3fff4f-4b6e-deb5-0324-6575b1e6efa5
Q3741429,Urmas Kruuse,Q24060239,Minister of Rural Affairs,2015-04-09,2016-11-23,,,,Q1398025,Ivari Padar,Q20933560,Martin Repinski,,,,,,Q3741429-ea2bb667-40b4-4270-c302-97156ab0a3b8
Q3741429,Urmas Kruuse,Q24060239,Minister of Rural Affairs,2021-01-26,,Q105071498,Kaja Kallas' cabinet,,,,,,,,https://www.valitsus.ee/peaminister-ministrid/valitsuse-koosseis,Urmas Kruuse,Maaeluminister,Q3741429-252cf14d-4c98-9195-e7ba-25868371bb22
Q58100,Urmas Paet,Q16402952,Minister of Culture,2003-04-10,2005-04-12,,,,Q2285186,Signe Kivi,,,,,,,,Q58100-A4359A7F-CD35-462E-9664-D74BD6889A2F
Q58100,Urmas Paet,Q1760777,Minister of Foreign Affairs,2005-04-13,2014-11-03,,,,Q998617,Rein Lang,Q458003,Keit Pentus-Rosimannus,,,,,,Q58100-8C021568-C0A2-4578-A09C-4B6BE1F368AB
Q645970,Urmas Reinsalu,Q3741249,Minister of Defence,2012-05-11,2014-03-26,,,,,,,,,,,,,Q645970-5E9E1AF9-B2AC-4BC5-835A-1A1A5CD84AD9
Q645970,Urmas Reinsalu,Q1760777,Minister of Foreign Affairs,2019-04-29,2021-01-26,Q63343147,Jüri Ratas' second cabinet,,,,Q105069608,Eva-Maria Liimets,,,,,,Q645970-a7bb908b-4aae-84c1-1a3d-a2e27e111128
Q645970,Urmas Reinsalu,Q20528230,Minister of Justice,2015-04-09,2019-04-29,,,,Q13234758,Andres Anvelt,Q12373459,Raivo Aeg,,,,,,Q645970-0907261A-86CD-4742-A91A-A4235FD4EE61
Q465437,Urve Palo,Q16403845,Minister of Economic Affairs and Infrastructure,2014-03-26,2015-04-09,,,,Q312894,Juhan Parts,Q1789192,Kristen Michal,,,,,,Q465437-75aa4a5e-4603-0621-c661-d7c2d9dcf97f
Q465437,Urve Palo,Q20933474,Minister of Entrepreneurship and Information Technology,2015-04-09,2015-08-30,,,,Q15983657,Anne Sulling,Q21009735,Liisa Oviir,,,,,,Q465437-c962876e-41b8-ee8c-6b41-c6d03bb5bea6
Q465437,Urve Palo,Q20933474,Minister of Entrepreneurship and Information Technology,2016-11-23,2018-08-22,,,,Q21009735,Liisa Oviir,Q12373845,Rene Tammist,,,,,,Q465437-9fb6a6b9-4589-e40d-8c59-f644c7766b7f
Q465437,Urve Palo,Q24061775,Minister of Population and Ethnic Affairs,2007-04-05,2009-05-21,,,,,,,,,,,,,Q465437-478caf60-43c4-12e8-068a-e3d32b3d621d
Q11032994,Urve Tiidus,Q16402952,Minister of Culture,2013-12-04,2015-04-09,,,,Q998617,Rein Lang,Q16403371,Indrek Saar,,,,,,Q11032994-4A0F8DB6-1CE0-4768-B046-489B3A0E0038
Q1621844,Vallo Reimaa,Q23268238,Minister of Regional Affairs,2007-04-05,2008-01-22,,,,,,,,,,,,,Q1621844-C635166F-F1E9-4731-9C22-E32B898116A3
Q16406683,Vello Lind,Q16405106,Minister of Agriculture,1990-05-07,1991-02-13,,,,,,,,,,,,,Q16406683-266d6e3e-4a03-d06b-73aa-8a35be0f06bc
Q1670898,Villu Reiljan,Q12361541,Minister of the Environment,1995-04-20,1999-03-09,,,,,,,,,,,,,Q1670898-8ed652b1-4888-9221-979d-769be804d299
Q1670898,Villu Reiljan,Q12361541,Minister of the Environment,2003-04-10,2006-10-08,,,,,,,,,,,,,Q1670898-423e6d2f-4671-420a-2cc8-e8ed10b4771e
Q12378814,Vladimir Roopere,Q6866431,Minister of the Interior,1933-05-18,1933-10-21,,,,,,,,,,,,,Q12378814-31B5F58A-F70A-4C44-9A43-90B30884973E
Q12378872,Voldemar Sumberg,Q16402881,Minister of Social Affairs,,,Q12371708,Otto Tief's cabinet,,,,,,,,,,,Q12378872-A0302278-EF3F-422C-B162-79894C4A8098
Q16405288,Vootele Hansen,Q12361541,Minister of the Environment,1994-11-08,1995-04-20,,,,,,,,,,,,,Q16405288-0c8a38c8-46f7-1402-b776-d204f73d3ec2
Q17446840,Ülo Uluots,Q3741249,Minister of Defence,1992-04-01,1992-10-01,,,,,,,,,,,,,Q17446840-6EBE9D80-1E10-49FA-822D-3344DD2E4AC1
